<?xml version="1.0" encoding="UTF-8"?>
<project-private xmlns="http://www.netbeans.org/ns/project-private/1">
    <editor-bookmarks xmlns="http://www.netbeans.org/ns/editor-bookmarks/2" lastBookmarkId="0"/>
    <open-files xmlns="http://www.netbeans.org/ns/projectui-open-files/2">
        <group>
            <file>file:/D:/Prj301/Prj301_Project/HouseholdStore/web/orderDetail.jsp</file>
            <file>file:/D:/Prj301/Prj301_Project/HouseholdStore/src/java/controller/OrderController.java</file>
            <file>file:/D:/Prj301/Prj301_Project/HouseholdStore/web/paymentConfirmation.jsp</file>
            <file>file:/D:/Prj301/Prj301_Project/HouseholdStore/src/java/utils/Email.java</file>
            <file>file:/D:/Prj301/Prj301_Project/HouseholdStore/web/orderConfirmation.jsp</file>
        </group>
    </open-files>
</project-private>
